Start Time,End Time,Total Distance (mi),Trip Time,Idle Time,Top Speed (mph),Average Speed (mph),Average mpg,Fuel Used (gal)
1/2/2020 9:29,1/2/2020 9:46,11.1628275,0:16:38,0:01:26,69,40,22,0.50674987
1/2/2020 10:52,1/2/2020 11:08,10.8198395,0:15:36,0:00:59,72,42,30,0.35544434
1/2/2020 11:18,1/2/2020 11:20,0.053898774,0:01:39,0:00:14,19,2,46,0.00117849
1/3/2020 11:28,1/3/2020 11:58,19.30687,0:30:10,0:05:10,70,38,26,0.7424692
1/3/2020 12:57,1/3/2020 13:01,0.30017924,0:03:38,0:01:06,21,5,13,0.02269367
1/3/2020 13:30,1/3/2020 13:43,1.6246734,0:13:16,0:05:08,38,7,12,0.1330317
1/3/2020 14:26,1/3/2020 15:01,17.914833,0:34:35,0:06:13,73,31,29,0.60770947
1/3/2020 15:12,1/3/2020 15:19,1.2157576,0:06:37,0:02:04,37,11,19,0.06351734
1/3/2020 15:35,1/3/2020 15:40,1.2185037,0:05:14,0:00:41,37,14,28,0.04406983
1/3/2020 16:50,1/3/2020 17:01,2.8322098,0:10:59,0:01:33,42,15,25,0.11491987
1/3/2020 17:22,1/3/2020 17:35,3.3167033,0:12:54,0:03:05,44,15,22,0.14954092
1/3/2020 17:54,1/3/2020 18:00,0.66174304,0:05:26,0:00:33,24,7,15,0.04275813
1/5/2020 10:18,1/5/2020 10:26,1.7160081,0:07:47,0:01:27,42,13,13,0.13476482
1/5/2020 10:30,1/5/2020 10:34,0.12062196,0:03:02,0:00:22,11,2,7,0.01773588
1/5/2020 10:47,1/5/2020 12:42,122.66879,1:55:17,0:03:24,80,64,30,4.027752
1/5/2020 14:30,1/5/2020 14:32,0.07343054,0:02:02,0:00:28,11,2,9,0.008544
1/5/2020 14:33,1/5/2020 16:31,124.45506,1:57:43,0:02:48,83,63,28,4.493577
1/5/2020 19:36,1/5/2020 19:43,1.5726473,0:06:10,0:00:17,32,15,23,0.06794105
1/5/2020 20:15,1/5/2020 20:23,1.6104733,0:07:51,0:02:20,38,12,14,0.1137981
1/6/2020 7:04,1/6/2020 7:23,11.372802,0:19:03,0:02:38,70,36,27,0.42331633
1/6/2020 14:37,1/6/2020 14:59,17.354494,0:21:39,0:01:18,75,48,31,0.5679276
1/6/2020 15:55,1/6/2020 16:12,10.808376,0:16:20,0:01:39,68,40,33,0.33131003
1/6/2020 16:13,1/6/2020 16:16,0.0714059,0:03:16,0:01:10,15,1,9,0.00791188
1/6/2020 18:43,1/6/2020 18:52,1.4853982,0:08:06,0:02:15,35,11,16,0.09019122
1/6/2020 19:52,1/6/2020 19:59,1.4561299,0:06:30,0:00:45,34,13,16,0.09057473
1/7/2020 7:14,1/7/2020 7:35,12.065075,0:21:00,0:03:02,67,34,23,0.5183126
1/7/2020 7:39,1/7/2020 7:47,2.5941799,0:08:37,0:01:25,48,18,28,0.09330031
1/7/2020 16:44,1/7/2020 16:49,0.85747325,0:05:41,0:01:53,41,9,13,0.06732591
1/7/2020 16:52,1/7/2020 17:13,10.485344,0:20:59,0:04:01,71,30,30,0.35504764
1/8/2020 7:21,1/8/2020 7:37,11.092102,0:16:47,0:01:25,71,40,26,0.4315129
1/8/2020 15:23,1/8/2020 15:42,11.24307,0:19:34,0:03:10,71,34,25,0.44802794
1/9/2020 7:18,1/9/2020 7:37,11.352997,0:19:15,0:03:59,67,35,23,0.48493242
1/9/2020 15:46,1/9/2020 15:59,7.2753935,0:13:51,0:01:06,58,32,22,0.32726863
1/9/2020 16:45,1/9/2020 17:12,22.221916,0:27:15,0:01:26,75,49,30,0.7327192
1/9/2020 17:28,1/9/2020 17:50,6.255356,0:22:32,0:04:01,42,17,22,0.2893681
1/9/2020 18:41,1/9/2020 19:00,7.2409387,0:18:49,0:02:21,66,23,24,0.30387664
1/10/2020 7:08,1/10/2020 7:25,11.373927,0:16:37,0:01:20,68,41,24,0.46924457
1/10/2020 15:03,1/10/2020 15:27,11.254801,0:24:17,0:07:29,73,28,26,0.43493313
1/11/2020 16:31,1/11/2020 16:38,1.5177199,0:06:55,0:00:51,35,13,15,0.10463034
1/11/2020 17:10,1/11/2020 17:17,1.6566446,0:07:10,0:01:06,39,14,18,0.09439788
1/13/2020 7:15,1/13/2020 7:33,11.364529,0:17:59,0:01:49,66,38,25,0.45415872
1/13/2020 16:36,1/13/2020 16:59,11.268356,0:22:24,0:04:30,69,30,28,0.40972167
1/14/2020 7:05,1/14/2020 7:23,11.366959,0:17:59,0:01:18,69,38,25,0.45164895
1/14/2020 11:43,1/14/2020 11:55,1.3312101,0:11:39,0:05:35,42,7,10,0.12988894
1/14/2020 17:12,1/14/2020 17:38,11.2568,0:25:43,0:05:21,80,26,25,0.4480875
1/14/2020 19:15,1/14/2020 19:22,2.6197233,0:07:10,0:00:48,50,22,26,0.09913151
1/14/2020 21:06,1/14/2020 21:13,2.6406705,0:07:30,0:01:24,50,21,28,0.09594149
1/15/2020 7:08,1/15/2020 7:25,11.384775,0:16:45,0:01:22,71,41,23,0.4895497
1/15/2020 15:57,1/15/2020 16:15,11.179835,0:17:11,0:01:13,74,39,28,0.39461076
1/16/2020 7:11,1/16/2020 7:29,11.370958,0:17:29,0:01:38,71,39,21,0.5311396
1/16/2020 15:26,1/16/2020 15:45,11.266644,0:18:29,0:02:55,75,37,26,0.42913163
1/16/2020 16:59,1/16/2020 17:19,6.3116746,0:20:09,0:02:50,43,19,24,0.2599145
1/16/2020 18:05,1/16/2020 18:26,7.31082,0:21:27,0:03:58,65,20,21,0.35337085
1/16/2020 18:41,1/16/2020 18:46,0.60203445,0:05:19,0:00:40,24,7,13,0.04623451
1/18/2020 18:49,1/18/2020 18:57,1.5977076,0:08:12,0:01:17,35,12,14,0.11495431
1/18/2020 19:39,1/18/2020 19:46,1.5725541,0:07:29,0:01:26,36,13,19,0.0840161
1/21/2020 7:18,1/21/2020 7:39,11.379717,0:20:12,0:04:56,74,34,21,0.5325866
1/21/2020 15:51,1/21/2020 15:55,0.8889509,0:04:37,0:01:01,46,12,12,0.07613364
1/21/2020 15:58,1/21/2020 16:17,10.539352,0:19:31,0:03:26,75,32,25,0.43007308
1/22/2020 7:12,1/22/2020 7:35,11.383377,0:23:15,0:07:29,69,29,24,0.47227916
1/22/2020 14:41,1/22/2020 15:03,17.248285,0:22:19,0:01:55,71,46,30,0.57787305
1/22/2020 15:59,1/22/2020 16:18,10.9457,0:19:08,0:02:56,70,34,27,0.40949672
1/23/2020 7:10,1/23/2020 7:29,11.372579,0:19:00,0:03:14,71,36,24,0.48365703
1/23/2020 15:35,1/23/2020 15:56,11.243322,0:21:22,0:04:02,75,32,27,0.4228754
1/23/2020 18:03,1/23/2020 18:32,6.3340645,0:28:35,0:08:39,40,13,16,0.3860063
1/23/2020 19:31,1/23/2020 19:49,7.463945,0:18:26,0:02:19,70,24,24,0.31637377
1/24/2020 7:02,1/24/2020 7:21,11.385887,0:18:50,0:02:00,63,36,24,0.47153234
1/24/2020 15:23,1/24/2020 15:44,11.2759285,0:21:09,0:04:29,71,32,26,0.432665
1/26/2020 13:02,1/26/2020 13:07,0.8582517,0:04:45,0:01:06,39,11,12,0.07302115
1/26/2020 13:56,1/26/2020 13:59,0.5630538,0:03:26,0:00:14,30,10,18,0.03069081
1/26/2020 14:32,1/26/2020 14:38,1.6095568,0:06:07,0:00:12,37,16,19,0.08624209
1/27/2020 7:11,1/27/2020 7:30,11.353773,0:18:55,0:03:20,72,36,24,0.47062808
1/27/2020 16:12,1/27/2020 16:18,0.9845109,0:06:09,0:02:48,34,10,13,0.07448383
1/27/2020 16:19,1/27/2020 16:34,9.943125,0:15:11,0:01:27,73,39,30,0.33051294
1/28/2020 7:06,1/28/2020 7:24,11.354213,0:18:31,0:03:13,73,37,24,0.4667865
1/28/2020 16:10,1/28/2020 16:32,11.2481785,0:22:12,0:03:20,74,30,25,0.4476593
1/28/2020 16:47,1/28/2020 16:54,1.4519529,0:07:08,0:01:10,30,12,22,0.06560845
1/28/2020 17:38,1/28/2020 17:45,1.4608696,0:07:26,0:01:42,34,12,17,0.08778612
1/28/2020 19:17,1/28/2020 19:26,2.6418219,0:08:48,0:01:59,47,18,17,0.1565331
1/28/2020 21:05,1/28/2020 21:13,2.6132817,0:07:50,0:01:41,49,20,20,0.13345705
1/29/2020 7:11,1/29/2020 7:28,11.375097,0:16:22,0:01:25,69,42,25,0.44784343
1/29/2020 14:41,1/29/2020 15:07,17.270575,0:26:12,0:05:19,76,40,28,0.61943924
1/29/2020 16:00,1/29/2020 16:18,10.955858,0:18:10,0:02:35,73,36,30,0.3594127
1/30/2020 7:15,1/30/2020 7:33,11.364586,0:17:56,0:02:46,74,38,23,0.49961716
1/30/2020 16:12,1/30/2020 16:31,11.221483,0:18:59,0:02:04,69,35,28,0.40595877
1/31/2020 7:16,1/31/2020 7:36,11.38057,0:20:38,0:04:31,73,33,22,0.50617427
1/31/2020 15:16,1/31/2020 15:38,11.249199,0:22:19,0:04:53,74,30,25,0.44753107
2/1/2020 18:53,2/1/2020 19:02,1.566135,0:09:03,0:02:05,32,10,14,0.11539586
2/1/2020 19:37,2/1/2020 19:45,1.6430228,0:08:09,0:01:28,39,12,16,0.10085321
2/3/2020 7:16,2/3/2020 7:32,10.658812,0:16:08,0:01:07,73,40,25,0.4306796
2/3/2020 7:34,2/3/2020 7:39,0.770735,0:04:24,0:00:28,35,11,16,0.04969631
2/3/2020 14:40,2/3/2020 15:07,17.222298,0:26:21,0:04:59,75,39,34,0.51293993
2/3/2020 15:52,2/3/2020 16:10,10.9323,0:18:04,0:02:41,76,36,26,0.42671764
2/4/2020 7:13,2/4/2020 7:42,11.590061,0:28:52,0:09:59,69,24,23,0.5093149
2/4/2020 15:25,2/4/2020 15:50,11.278591,0:25:47,0:03:01,75,26,26,0.43886214
2/4/2020 19:19,2/4/2020 19:27,2.5932064,0:08:00,0:01:06,44,19,22,0.11909695
2/4/2020 21:06,2/4/2020 21:15,2.6253364,0:08:13,0:01:37,50,19,22,0.12173664
2/5/2020 7:06,2/5/2020 7:23,11.350365,0:16:40,0:01:30,71,41,24,0.477502
2/5/2020 14:56,2/5/2020 15:15,11.226009,0:18:36,0:02:41,71,36,31,0.36567265
2/6/2020 7:18,2/6/2020 7:36,11.380814,0:18:29,0:02:16,68,37,27,0.42554325
2/6/2020 15:02,2/6/2020 15:22,11.257805,0:19:51,0:02:45,72,34,25,0.44188994
2/7/2020 7:15,2/7/2020 7:44,11.391316,0:28:57,0:08:44,58,24,22,0.50832057
2/7/2020 15:17,2/7/2020 15:38,11.24658,0:20:48,0:04:39,78,32,26,0.4399594
2/7/2020 18:23,2/7/2020 18:29,0.6417815,0:06:15,0:01:24,25,6,12,0.05148297
2/7/2020 18:51,2/7/2020 18:57,0.6500475,0:05:18,0:00:19,24,7,13,0.04848274
2/8/2020 14:58,2/8/2020 15:07,1.6742173,0:08:24,0:01:56,37,12,12,0.14123183
2/8/2020 16:13,2/8/2020 16:17,0.2913109,0:04:19,0:01:30,23,4,9,0.03401947
2/8/2020 16:38,2/8/2020 16:45,1.6248287,0:06:52,0:01:01,39,14,14,0.11839174
2/9/2020 18:06,2/9/2020 18:12,1.2049664,0:05:14,0:00:48,35,14,12,0.1025251
2/9/2020 18:16,2/9/2020 18:33,0.84876716,0:17:37,0:13:28,30,3,7,0.11696559
2/9/2020 19:01,2/9/2020 19:08,1.6439031,0:07:20,0:01:02,33,13,20,0.0841956
2/11/2020 7:07,2/11/2020 7:27,11.361534,0:19:25,0:02:15,73,35,28,0.40725002
2/11/2020 14:55,2/11/2020 15:14,11.243313,0:18:47,0:02:30,74,36,26,0.44086194
2/12/2020 7:07,2/12/2020 7:29,11.384728,0:21:16,0:05:29,70,32,22,0.51729536
2/12/2020 15:52,2/12/2020 16:12,11.260844,0:20:17,0:02:27,68,33,27,0.4157261
2/13/2020 7:12,2/13/2020 7:39,11.410976,0:27:15,0:07:46,63,25,25,0.4539895
2/13/2020 14:37,2/13/2020 15:00,17.262331,0:23:18,0:02:43,78,44,30,0.5777445
2/13/2020 16:11,2/13/2020 16:30,10.936523,0:19:05,0:02:27,71,34,27,0.40776664
2/14/2020 7:04,2/14/2020 7:21,11.388721,0:17:27,0:02:17,71,39,21,0.5480825
2/14/2020 14:59,2/14/2020 15:20,11.229752,0:21:30,0:04:03,71,31,23,0.4889673
2/14/2020 16:42,2/14/2020 16:55,1.6439083,0:12:41,0:04:30,32,8,14,0.11777905
2/14/2020 17:15,2/14/2020 17:28,1.6323059,0:13:03,0:04:54,34,8,13,0.12347253
2/15/2020 11:38,2/15/2020 11:45,1.4652882,0:07:25,0:01:49,36,12,12,0.12179279
2/15/2020 11:58,2/15/2020 12:01,0.24083139,0:03:10,0:00:22,24,5,12,0.02088136
2/15/2020 12:34,2/15/2020 12:43,1.5428336,0:08:43,0:02:38,45,11,16,0.09862785
2/16/2020 8:46,2/16/2020 8:57,2.1852002,0:10:21,0:01:40,40,13,15,0.14929807
2/16/2020 9:11,2/16/2020 9:19,2.086245,0:07:57,0:01:49,39,16,25,0.08204481
2/16/2020 11:58,2/16/2020 12:04,1.3705809,0:06:30,0:00:46,32,13,15,0.09201657
2/16/2020 12:06,2/16/2020 12:13,1.6260715,0:06:35,0:00:53,35,15,20,0.07962191
2/17/2020 10:49,2/17/2020 11:07,6.9154887,0:18:12,0:02:51,54,23,21,0.3296474
2/17/2020 13:07,2/17/2020 13:08,0,0:01:21,0:00:16,0,0,0,0
2/17/2020 13:25,2/17/2020 13:42,6.809327,0:16:57,0:01:54,48,24,24,0.2807761
2/18/2020 7:10,2/18/2020 7:27,11.322737,0:17:48,0:01:58,70,38,23,0.49349487
2/18/2020 16:13,2/18/2020 16:31,11.255024,0:18:30,0:01:56,72,37,30,0.37451422
2/18/2020 19:17,2/18/2020 19:26,2.593001,0:08:33,0:01:20,48,18,17,0.15293571
2/18/2020 21:05,2/18/2020 21:14,2.6268313,0:09:23,0:02:24,47,17,18,0.14965853
2/19/2020 7:11,2/19/2020 7:33,11.391653,0:22:01,0:06:27,70,31,22,0.5137271
2/19/2020 15:19,2/19/2020 15:50,25.101965,0:31:26,0:02:02,74,48,28,0.88584185
2/19/2020 15:55,2/19/2020 16:45,17.481716,0:50:21,0:23:36,70,21,24,0.7196872
2/19/2020 18:09,2/19/2020 18:28,10.94603,0:18:33,0:01:34,73,35,25,0.43225026
2/20/2020 6:59,2/20/2020 7:17,11.391584,0:18:42,0:03:25,72,37,24,0.4760282
2/20/2020 16:11,2/20/2020 16:39,11.2765875,0:27:31,0:08:32,73,25,22,0.5051564
2/21/2020 7:14,2/21/2020 7:35,11.380424,0:20:55,0:05:27,73,33,22,0.5078306
2/21/2020 14:58,2/21/2020 15:29,11.265501,0:31:14,0:14:21,74,22,26,0.42822433
2/22/2020 9:16,2/22/2020 9:39,6.263316,0:22:20,0:06:13,66,17,19,0.33197394
2/22/2020 12:03,2/22/2020 12:16,4.717419,0:12:24,0:02:28,66,23,21,0.22166951
2/22/2020 17:47,2/22/2020 17:54,1.554619,0:06:57,0:00:39,34,13,20,0.0761707
2/22/2020 18:33,2/22/2020 18:40,1.5931647,0:07:00,0:00:47,35,14,23,0.07069204
2/24/2020 7:16,2/24/2020 7:34,11.328839,0:17:09,0:01:08,71,40,25,0.4562556
2/24/2020 15:56,2/24/2020 16:16,11.247589,0:19:55,0:02:48,70,34,29,0.38263273
2/25/2020 7:05,2/25/2020 7:23,11.314909,0:18:05,0:02:39,72,38,23,0.4905775
2/25/2020 15:20,2/25/2020 15:42,11.25931,0:21:57,0:03:57,71,31,27,0.4197396
2/25/2020 19:15,2/25/2020 19:23,2.6228285,0:08:43,0:01:17,48,18,19,0.14015432
2/25/2020 21:04,2/25/2020 21:12,2.6248324,0:08:04,0:01:23,49,20,18,0.14556164
2/26/2020 7:12,2/26/2020 7:28,11.385308,0:16:26,0:01:42,70,42,27,0.41623712
2/26/2020 11:46,2/26/2020 11:55,1.3850605,0:09:36,0:03:32,43,9,14,0.10237589
2/26/2020 15:47,2/26/2020 16:12,11.266419,0:25:15,0:07:12,70,27,25,0.44997394
2/27/2020 7:23,2/27/2020 7:42,6.5277824,0:18:51,0:06:24,58,21,18,0.3560103
2/27/2020 8:29,2/27/2020 8:46,5.2675343,0:16:10,0:02:03,47,20,18,0.2907007
2/27/2020 8:48,2/27/2020 8:55,1.6344099,0:06:56,0:01:05,36,14,21,0.07704156
2/27/2020 10:40,2/27/2020 10:56,11.156502,0:16:25,0:01:02,69,41,28,0.4035145
2/27/2020 11:54,2/27/2020 12:10,10.915048,0:16:37,0:01:19,70,39,26,0.42325717
2/27/2020 17:06,2/27/2020 17:19,4.3096356,0:13:07,0:02:07,43,20,19,0.225516
2/27/2020 17:38,2/27/2020 17:39,0,0:01:37,0:00:27,0,0,0,0.00214137
2/27/2020 18:15,2/27/2020 18:28,4.429576,0:13:34,0:02:18,52,20,24,0.18358813
2/28/2020 7:16,2/28/2020 7:37,11.379648,0:21:23,0:04:51,74,32,23,0.50508976
2/28/2020 15:21,2/28/2020 15:42,11.243681,0:21:24,0:04:47,71,32,25,0.45358983
2/29/2020 11:27,2/29/2020 11:35,1.6252275,0:08:32,0:02:05,34,11,11,0.14454062
2/29/2020 12:29,2/29/2020 12:37,1.6320763,0:07:25,0:01:36,37,13,14,0.1136515
3/2/2020 7:12,3/2/2020 7:30,11.364448,0:17:18,0:01:30,68,39,26,0.4356171
3/2/2020 11:53,3/2/2020 12:14,11.257244,0:20:33,0:02:47,68,33,30,0.38125235
3/2/2020 12:38,3/2/2020 12:52,2.0311968,0:14:07,0:06:22,40,9,17,0.11857218
3/2/2020 13:21,3/2/2020 13:26,0.6291176,0:05:12,0:00:24,27,7,14,0.04494572
3/2/2020 14:01,3/2/2020 14:06,0.61420125,0:04:21,0:00:17,28,8,16,0.03794078
3/2/2020 14:34,3/2/2020 14:53,11.1598835,0:18:36,0:02:18,65,36,25,0.44136587
3/2/2020 15:58,3/2/2020 16:23,18.029446,0:25:08,0:02:41,70,43,30,0.60899156
3/2/2020 17:17,3/2/2020 17:26,0.896939,0:08:26,0:03:16,37,6,13,0.06810548
3/2/2020 17:35,3/2/2020 17:55,6.9906435,0:19:23,0:02:11,46,22,21,0.3292479
3/3/2020 7:20,3/3/2020 7:39,11.375539,0:18:49,0:03:00,73,36,26,0.43293384
3/3/2020 15:35,3/3/2020 16:06,11.244883,0:30:16,0:12:21,77,22,25,0.4459344
3/3/2020 17:45,3/3/2020 17:49,0.5766549,0:04:11,0:00:14,27,8,19,0.03018589
3/3/2020 18:06,3/3/2020 18:10,0.58942753,0:04:24,0:00:15,24,8,14,0.04336677
3/4/2020 7:07,3/4/2020 7:25,11.366606,0:17:28,0:02:30,76,39,24,0.48326266
3/4/2020 15:01,3/4/2020 15:26,15.393942,0:24:44,0:03:29,76,37,29,0.5250001
3/4/2020 15:55,3/4/2020 16:16,11.290912,0:21:05,0:02:51,68,32,28,0.4061353
3/5/2020 7:15,3/5/2020 7:34,11.371595,0:19:16,0:04:07,73,35,23,0.49227834
3/5/2020 17:32,3/5/2020 17:55,11.244572,0:22:53,0:04:49,71,29,27,0.4126804
3/6/2020 7:07,3/6/2020 7:31,11.414076,0:23:41,0:06:26,72,29,24,0.46749052
3/6/2020 7:32,3/6/2020 7:35,0.3027286,0:02:50,0:00:39,32,6,13,0.02327068
3/6/2020 15:19,3/6/2020 15:41,11.259734,0:21:20,0:04:00,76,32,24,0.47453505
3/6/2020 15:55,3/6/2020 16:04,1.0910467,0:08:43,0:03:44,37,8,14,0.07756243
3/6/2020 17:03,3/6/2020 17:06,0.17522667,0:03:00,0:01:01,28,4,9,0.01983036
3/6/2020 17:08,3/6/2020 17:54,4.201208,0:45:56,0:33:25,46,5,13,0.31597856
3/6/2020 21:03,3/6/2020 21:19,5.0251064,0:16:28,0:02:44,58,18,19,0.25875968
3/7/2020 18:23,3/7/2020 18:29,1.2734623,0:06:16,0:01:34,32,12,15,0.08568435
3/7/2020 18:50,3/7/2020 18:56,0.83037114,0:05:24,0:01:14,30,9,18,0.0466672
3/7/2020 19:40,3/7/2020 19:48,1.6371768,0:07:42,0:01:08,34,13,18,0.08961266
3/8/2020 6:48,3/8/2020 7:02,5.194603,0:13:45,0:01:51,58,23,21,0.25106242
3/8/2020 9:20,3/8/2020 9:28,4.4379625,0:08:39,0:00:48,65,31,22,0.205611
3/9/2020 10:33,3/9/2020 10:54,11.214958,0:20:52,0:03:45,71,32,24,0.4676114
3/9/2020 12:40,3/9/2020 13:00,12.012393,0:20:07,0:02:19,75,36,31,0.3872667
3/9/2020 14:36,3/9/2020 14:59,11.276709,0:22:26,0:06:06,66,30,28,0.40999383
3/9/2020 15:53,3/9/2020 16:14,10.963326,0:20:35,0:03:46,71,32,30,0.37129086
3/9/2020 16:33,3/9/2020 16:41,1.619768,0:07:37,0:01:39,39,13,21,0.07577854
3/10/2020 12:36,3/10/2020 12:43,2.1493833,0:06:54,0:01:02,44,19,22,0.09993696
3/10/2020 14:04,3/10/2020 14:12,2.1473122,0:08:05,0:01:21,50,16,19,0.11244793
3/10/2020 16:21,3/10/2020 17:10,25.53786,0:49:03,0:07:32,68,31,27,0.9295087
3/10/2020 19:15,3/10/2020 19:22,2.5908105,0:06:43,0:00:12,46,23,31,0.08439827
3/10/2020 21:04,3/10/2020 21:12,2.6488173,0:08:18,0:01:13,48,19,22,0.1230664
3/11/2020 7:10,3/11/2020 7:29,11.3488655,0:18:52,0:03:18,70,36,24,0.4634554
3/11/2020 16:08,3/11/2020 16:26,11.237422,0:18:27,0:01:43,73,37,27,0.41783977
3/12/2020 7:12,3/12/2020 7:28,11.338904,0:16:24,0:01:36,69,41,27,0.41669676
3/12/2020 16:23,3/12/2020 16:43,11.236382,0:19:44,0:03:03,71,34,28,0.39770478
3/13/2020 7:02,3/13/2020 7:19,11.362478,0:16:19,0:01:21,71,42,24,0.47425896
3/13/2020 14:53,3/13/2020 15:15,11.363316,0:22:00,0:03:06,75,31,25,0.44616953
3/13/2020 15:19,3/13/2020 15:26,1.7094008,0:06:40,0:00:57,43,15,21,0.08076926
3/17/2020 16:50,3/17/2020 16:57,1.5642157,0:06:44,0:01:03,35,14,13,0.1176399
3/17/2020 17:30,3/17/2020 17:38,1.6085626,0:07:24,0:01:01,34,13,17,0.09523279
3/20/2020 9:15,3/20/2020 9:32,11.355085,0:17:16,0:01:42,70,39,25,0.44728506
3/20/2020 14:09,3/20/2020 14:27,11.221791,0:17:45,0:01:45,75,38,33,0.3425792
3/23/2020 8:54,3/23/2020 9:10,11.352306,0:16:08,0:00:36,70,42,24,0.46460938
3/23/2020 13:24,3/23/2020 13:30,0.9973387,0:05:52,0:01:10,39,10,23,0.04350396
3/23/2020 13:31,3/23/2020 13:47,10.318222,0:15:56,0:02:10,73,39,30,0.34680557
3/23/2020 16:55,3/23/2020 17:03,1.1747764,0:07:25,0:02:40,39,10,12,0.0978347
3/23/2020 17:07,3/23/2020 17:13,1.1731229,0:06:12,0:01:59,37,11,26,0.04590052
3/25/2020 19:03,3/25/2020 19:11,1.5685463,0:07:34,0:01:04,33,12,15,0.10165349
3/25/2020 19:48,3/25/2020 19:54,1.5009152,0:06:26,0:00:57,42,14,22,0.06800727
4/3/2020 16:08,4/3/2020 16:15,1.5660453,0:07:12,0:01:14,35,13,18,0.0859381
4/3/2020 16:54,4/3/2020 17:02,1.6086955,0:07:32,0:01:18,33,13,21,0.07653164
4/6/2020 9:47,4/6/2020 9:53,2.040804,0:06:16,0:00:20,45,20,18,0.11593435
4/6/2020 11:55,4/6/2020 12:02,2.1687615,0:07:05,0:00:56,47,18,22,0.1004285
4/9/2020 9:51,4/9/2020 9:57,2.0627263,0:06:31,0:00:24,45,19,17,0.12114508
4/9/2020 11:28,4/9/2020 11:35,2.1281204,0:06:30,0:00:22,47,20,23,0.0915698
4/9/2020 14:10,4/9/2020 14:17,1.550744,0:06:35,0:00:51,34,14,24,0.06469139
4/9/2020 14:39,4/9/2020 14:47,1.629527,0:07:42,0:01:34,32,13,24,0.0668951
4/15/2020 15:24,4/15/2020 15:28,0.5421964,0:04:05,0:00:15,25,8,11,0.05102462
4/15/2020 15:47,4/15/2020 15:51,0.60433006,0:04:09,0:00:13,26,9,10,0.06314359
4/16/2020 17:13,4/16/2020 17:35,7.5137014,0:21:39,0:04:31,52,21,21,0.36495814
4/16/2020 17:35,4/16/2020 17:51,0,0:16:15,0:15:51,0,0,0,0.06129091
4/16/2020 17:54,4/16/2020 18:38,14.321215,0:43:49,0:16:47,78,20,23,0.612089
4/18/2020 19:54,4/18/2020 20:02,1.4950415,0:07:53,0:01:44,34,11,15,0.10013168
4/18/2020 20:34,4/18/2020 20:40,1.6343029,0:06:10,0:00:48,39,16,24,0.06784594
4/23/2020 14:29,4/23/2020 14:39,0.5557613,0:09:51,0:00:18,23,3,13,0.04445363
4/23/2020 14:46,4/23/2020 14:51,0.6051344,0:04:20,0:00:16,21,8,16,0.03813664
4/26/2020 17:17,4/26/2020 17:25,1.609776,0:08:19,0:01:15,34,12,13,0.1225327
4/26/2020 18:12,4/26/2020 18:19,1.659912,0:07:10,0:00:50,34,14,17,0.09646309
5/2/2020 15:25,5/2/2020 15:32,1.5427076,0:07:21,0:01:01,33,13,18,0.08461202
5/2/2020 16:18,5/2/2020 16:26,1.609864,0:08:15,0:02:00,34,12,18,0.09182587
5/9/2020 13:08,5/9/2020 13:20,1.6185131,0:11:50,0:05:40,35,8,14,0.11309011
5/9/2020 14:01,5/9/2020 14:09,1.6342356,0:08:00,0:02:13,35,12,14,0.11626383
5/16/2020 15:13,5/16/2020 15:23,1.6176587,0:09:46,0:02:31,32,10,14,0.11456095
5/16/2020 16:01,5/16/2020 16:09,1.6458914,0:07:38,0:01:12,32,13,16,0.10532221
5/20/2020 13:51,5/20/2020 14:00,0.62426054,0:09:20,0:01:14,30,4,10,0.05980205
5/20/2020 14:10,5/20/2020 14:13,0.17308985,0:02:36,0:00:34,27,4,17,0.01033838
5/20/2020 14:44,5/20/2020 14:48,0.44857994,0:03:38,0:00:38,31,7,19,0.02387582
5/23/2020 14:25,5/23/2020 14:32,1.5317767,0:07:07,0:00:58,33,13,16,0.09443467
5/23/2020 15:14,5/23/2020 15:21,1.6323024,0:06:15,0:00:10,33,16,20,0.07964778
5/26/2020 7:36,5/26/2020 7:57,11.7363,0:20:44,0:03:07,76,34,26,0.452966
5/26/2020 11:55,5/26/2020 12:02,0.052003592,0:07:21,0:00:16,12,0,5,0.01025448
5/26/2020 12:04,5/26/2020 12:21,4.93789,0:17:21,0:03:23,47,17,17,0.29860955
5/26/2020 12:26,5/26/2020 12:51,5.3964534,0:24:25,0:08:25,53,13,15,0.35603964
5/26/2020 15:43,5/26/2020 16:00,11.278818,0:17:24,0:01:38,70,39,30,0.3792304
5/29/2020 10:46,5/29/2020 11:11,11.3941765,0:24:13,0:03:19,77,28,24,0.47632012
5/29/2020 14:02,5/29/2020 14:15,3.0261917,0:13:46,0:05:23,47,13,19,0.15676212
5/29/2020 14:53,5/29/2020 15:12,10.938929,0:19:07,0:03:04,76,34,30,0.3639049
5/30/2020 14:58,5/30/2020 15:06,1.6266704,0:08:31,0:02:03,36,11,16,0.1025958
5/30/2020 15:36,5/30/2020 15:43,1.6392825,0:06:37,0:01:20,36,15,19,0.08479359
6/1/2020 21:15,6/1/2020 21:31,3.5889864,0:16:38,0:02:59,31,13,18,0.20015863
6/2/2020 14:35,6/2/2020 14:53,11.118082,0:18:12,0:02:43,67,37,28,0.39237204
6/2/2020 15:56,6/2/2020 16:12,10.920649,0:16:07,0:01:13,73,41,28,0.39334553
6/6/2020 12:59,6/6/2020 13:07,1.5712476,0:07:18,0:00:45,32,13,16,0.09854753
6/6/2020 13:51,6/6/2020 13:57,1.5989417,0:05:54,0:00:45,35,16,21,0.07765337
6/15/2020 9:49,6/15/2020 9:54,0.4706835,0:04:59,0:02:01,32,6,13,0.03592771
6/15/2020 10:01,6/15/2020 10:09,0.17925696,0:07:45,0:00:19,27,1,41,0.00441519
6/15/2020 10:23,6/15/2020 10:30,1.1660341,0:06:46,0:01:02,30,10,16,0.07191675
6/15/2020 10:43,6/15/2020 11:03,1.6977259,0:19:58,0:13:30,33,5,14,0.12023407
6/15/2020 11:23,6/15/2020 11:27,0.59981996,0:03:55,0:00:36,30,9,19,0.03147851
6/15/2020 11:53,6/15/2020 11:58,0.6493001,0:04:28,0:01:01,30,9,28,0.02322687
6/15/2020 12:22,6/15/2020 12:26,0.6458291,0:04:01,0:00:27,34,10,19,0.03433664
6/15/2020 14:07,6/15/2020 14:11,0.6151868,0:03:45,0:00:30,35,10,26,0.02367632
6/15/2020 14:18,6/15/2020 14:23,0.642969,0:05:11,0:03:10,30,7,21,0.03083154
6/15/2020 14:34,6/15/2020 14:38,0.6362668,0:03:50,0:00:23,30,10,26,0.02431141
6/15/2020 14:55,6/15/2020 14:57,0.26919353,0:02:17,0:00:17,29,7,42,0.00643454
6/15/2020 15:02,6/15/2020 15:08,0.63884383,0:06:10,0:03:33,29,6,12,0.05329143
6/15/2020 16:21,6/15/2020 16:25,0.64883405,0:04:09,0:00:36,32,9,15,0.04215762
6/15/2020 16:35,6/15/2020 16:39,0.62897784,0:03:39,0:00:16,29,10,38,0.01671013
6/15/2020 16:51,6/15/2020 16:55,0.6533477,0:04:32,0:01:12,32,9,19,0.0342549
6/15/2020 18:16,6/15/2020 18:21,0.637009,0:04:37,0:01:06,30,8,27,0.02371011
6/15/2020 18:35,6/15/2020 18:41,0.65558976,0:05:18,0:01:41,30,7,20,0.03284471
6/16/2020 10:56,6/16/2020 11:00,0.5962609,0:03:38,0:00:26,36,10,12,0.05124899
6/16/2020 11:21,6/16/2020 11:24,0.57190317,0:03:06,0:00:19,34,11,17,0.03364054
6/16/2020 12:24,6/16/2020 12:27,0.6118038,0:03:44,0:00:20,32,10,28,0.02178619
6/16/2020 13:11,6/16/2020 13:15,0.6264285,0:04:30,0:00:31,27,8,18,0.03448507
6/16/2020 13:42,6/16/2020 13:54,1.0470346,0:12:20,0:06:09,33,5,14,0.07263041
6/16/2020 15:34,6/16/2020 15:43,0.59774876,0:09:21,0:00:34,34,4,22,0.02673887
6/16/2020 15:53,6/16/2020 15:56,0.5988275,0:03:38,0:00:20,32,10,19,0.03076313
6/16/2020 17:37,6/16/2020 17:44,1.0778823,0:06:33,0:01:09,28,10,24,0.04440277
6/16/2020 18:35,6/16/2020 18:40,1.1155822,0:05:30,0:00:25,29,12,20,0.05651919
6/17/2020 12:42,6/17/2020 12:47,0.65061706,0:04:45,0:00:47,31,8,14,0.04495931
6/17/2020 13:06,6/17/2020 13:09,0.58883035,0:03:27,0:00:31,34,10,20,0.02998452
6/17/2020 13:20,6/17/2020 13:24,0.6524294,0:04:02,0:00:56,29,10,27,0.02452995
6/17/2020 13:38,6/17/2020 13:42,0.58108044,0:03:48,0:00:25,30,9,25,0.02300734
6/17/2020 14:58,6/17/2020 15:20,11.342155,0:21:13,0:05:38,71,32,29,0.39590463
6/17/2020 15:46,6/17/2020 15:52,0.4959008,0:05:36,0:01:56,34,5,13,0.03699825
6/17/2020 16:23,6/17/2020 16:25,0.121536754,0:02:21,0:00:11,14,3,11,0.01136682
6/17/2020 16:27,6/17/2020 16:30,0.14964,0:03:50,0:01:46,22,2,6,0.02357724
6/17/2020 16:44,6/17/2020 17:04,11.460516,0:19:38,0:03:55,73,35,29,0.39794028
6/17/2020 18:57,6/17/2020 19:01,0.6370211,0:03:46,0:00:19,32,10,17,0.03727714
6/17/2020 19:11,6/17/2020 19:15,0.6019568,0:03:31,0:00:24,30,10,23,0.02596053
6/18/2020 11:57,6/18/2020 12:07,0.60064673,0:09:58,0:01:12,34,4,12,0.05044069
6/18/2020 12:29,6/18/2020 12:33,0.51635253,0:03:25,0:00:34,33,9,29,0.01772136
6/18/2020 17:15,6/18/2020 17:39,8.681237,0:24:00,0:04:02,53,22,23,0.3842935
6/18/2020 19:22,6/18/2020 19:43,8.629567,0:20:54,0:01:36,52,25,27,0.32011074
6/19/2020 15:47,6/19/2020 15:55,1.0519469,0:08:06,0:01:20,29,8,17,0.06047002
6/19/2020 16:11,6/19/2020 16:15,0.6293213,0:03:55,0:00:57,32,10,21,0.02987361
6/20/2020 11:38,6/20/2020 11:47,0.9445498,0:08:49,0:02:31,32,6,14,0.06588705
6/20/2020 12:05,6/20/2020 12:32,10.901356,0:27:44,0:04:13,65,24,21,0.51025295
6/20/2020 12:34,6/20/2020 12:52,6.6606245,0:18:23,0:03:52,67,22,23,0.29210147
6/20/2020 13:05,6/20/2020 13:08,0.30565938,0:02:58,0:00:23,24,6,15,0.02004513
6/20/2020 13:31,6/20/2020 13:50,7.2771044,0:18:20,0:02:06,52,24,26,0.27529156
6/20/2020 16:09,6/20/2020 16:19,0.63602865,0:10:04,0:00:38,31,4,16,0.03875378
6/21/2020 12:28,6/21/2020 12:34,0.65033054,0:06:04,0:02:08,32,6,12,0.05579022
6/21/2020 14:13,6/21/2020 14:17,0.6277713,0:04:05,0:00:23,29,9,19,0.03387528
6/22/2020 14:32,6/22/2020 14:42,3.2476811,0:10:46,0:02:45,66,18,16,0.20531598
6/22/2020 14:52,6/22/2020 15:01,3.586625,0:09:11,0:01:29,68,23,22,0.15986636
6/22/2020 15:04,6/22/2020 15:10,1.3157017,0:06:06,0:01:08,37,13,14,0.09363233
6/22/2020 15:11,6/22/2020 15:14,0.2072083,0:03:21,0:00:36,22,4,6,0.03417085
6/22/2020 15:28,6/22/2020 15:35,1.2482104,0:07:09,0:01:35,34,10,20,0.06223664
6/22/2020 20:06,6/22/2020 20:12,1.0109313,0:05:28,0:01:00,31,11,10,0.10042968
6/22/2020 20:52,6/22/2020 20:57,1.0371307,0:04:30,0:00:23,33,14,20,0.0525188
6/25/2020 12:24,6/25/2020 12:52,12.311554,0:27:56,0:09:29,67,26,25,0.4878254
6/25/2020 13:46,6/25/2020 14:20,12.512348,0:33:32,0:14:03,70,22,22,0.5600299
6/25/2020 16:57,6/25/2020 17:19,14.687107,0:21:24,0:02:11,75,41,28,0.52740186
6/25/2020 19:09,6/25/2020 19:29,15.097209,0:19:57,0:01:53,76,45,30,0.50709164
6/26/2020 13:20,6/26/2020 13:26,0.53030926,0:05:52,0:00:37,32,5,9,0.05740108
6/26/2020 13:26,6/26/2020 13:34,1.3123101,0:08:16,0:02:17,35,10,16,0.08144103
6/26/2020 13:35,6/26/2020 13:44,1.6328185,0:08:56,0:02:06,36,11,17,0.09599385
6/26/2020 14:09,6/26/2020 14:16,0.84703594,0:06:41,0:01:10,33,8,12,0.06877012
6/26/2020 14:17,6/26/2020 14:19,0.105175704,0:01:45,0:00:11,29,4,18,0.0056866
6/27/2020 18:08,6/27/2020 18:14,1.0891739,0:06:16,0:01:03,32,10,14,0.07936467
6/27/2020 18:49,6/27/2020 18:55,1.1127636,0:06:05,0:01:01,31,11,21,0.05352029
6/28/2020 11:35,6/28/2020 11:42,1.2621636,0:07:49,0:01:12,35,10,13,0.10046731
6/28/2020 11:46,6/28/2020 12:06,9.244279,0:19:44,0:05:30,73,28,24,0.38537264
6/28/2020 12:33,6/28/2020 12:39,0.73483014,0:06:14,0:01:40,35,7,13,0.05554379
6/28/2020 12:55,6/28/2020 13:16,12.136217,0:20:47,0:04:24,79,35,27,0.446364
6/28/2020 16:09,6/28/2020 16:11,0.10968237,0:01:53,0:00:14,20,3,33,0.00332742
6/28/2020 16:11,6/28/2020 16:13,0.15040462,0:01:55,0:00:14,21,5,16,0.00952105
6/30/2020 13:28,6/30/2020 13:53,11.462674,0:24:38,0:07:53,69,28,23,0.5086236
6/30/2020 14:02,6/30/2020 14:25,12.076957,0:22:34,0:04:06,63,32,30,0.4074909
7/1/2020 11:39,7/1/2020 11:47,1.1834481,0:07:08,0:01:10,34,10,14,0.08559361
7/1/2020 11:49,7/1/2020 11:52,0.13054492,0:02:42,0:00:32,17,3,13,0.01009288
7/1/2020 11:58,7/1/2020 12:07,0,0:08:19,0:07:52,0,0,0,0.04394231
7/1/2020 12:10,7/1/2020 12:17,1.1266686,0:07:39,0:01:57,32,9,13,0.08622982
7/1/2020 12:19,7/1/2020 12:43,11.751522,0:24:34,0:03:50,72,29,21,0.5536752
7/1/2020 12:45,7/1/2020 13:13,14.804081,0:28:28,0:03:36,73,31,26,0.5605686
7/1/2020 13:14,7/1/2020 13:52,31.428291,0:38:34,0:02:43,78,49,29,1.0752126
7/1/2020 13:53,7/1/2020 14:07,3.5457926,0:13:49,0:03:38,48,15,18,0.20177905
7/1/2020 14:08,7/1/2020 14:31,2.2427702,0:23:38,0:13:55,47,6,10,0.21736188
7/1/2020 16:13,7/1/2020 16:53,16.826431,0:39:57,0:10:52,74,25,22,0.7646126
7/1/2020 16:59,7/1/2020 17:18,12.736586,0:18:58,0:00:30,76,40,27,0.46592724
7/3/2020 14:30,7/3/2020 14:41,1.0905772,0:11:08,0:00:26,31,6,16,0.06845492
7/3/2020 15:02,7/3/2020 15:08,1.0850902,0:05:40,0:01:41,34,11,13,0.08061557
7/4/2020 14:12,7/4/2020 14:16,0.35054484,0:04:29,0:00:24,24,5,17,0.02017608
7/7/2020 14:29,7/7/2020 14:35,0.47007248,0:05:41,0:02:58,39,5,7,0.06899069
7/7/2020 14:37,7/7/2020 14:47,0,0:09:48,0:08:41,0,0,0,0.05670447
7/7/2020 15:28,7/7/2020 15:31,0.5132992,0:02:58,0:00:20,38,10,10,0.05104148
7/7/2020 19:17,7/7/2020 19:19,0.14284806,0:02:05,0:00:14,17,4,10,0.01393678
7/7/2020 19:19,7/7/2020 19:22,0.12478687,0:02:08,0:00:16,17,4,33,0.00383774
7/9/2020 18:34,7/9/2020 18:57,8.914844,0:22:32,0:01:52,54,24,15,0.6097533
7/9/2020 22:04,7/9/2020 22:23,9.095063,0:19:29,0:02:03,55,28,29,0.312216
7/10/2020 11:37,7/10/2020 11:43,1.0659432,0:05:45,0:01:11,29,11,17,0.06131013
7/10/2020 12:28,7/10/2020 12:34,1.067659,0:06:03,0:01:22,30,11,16,0.06644443
7/12/2020 7:25,7/12/2020 9:47,157.8739,2:21:17,0:03:49,82,67,28,5.557594
7/12/2020 9:49,7/12/2020 11:04,74.826706,1:14:14,0:00:44,85,60,27,2.8212278
7/12/2020 11:16,7/12/2020 11:23,2.3050783,0:07:08,0:01:59,61,19,28,0.08220075
7/12/2020 13:07,7/12/2020 13:25,9.923586,0:18:35,0:00:49,58,32,31,0.32220104
7/12/2020 13:28,7/12/2020 13:33,0.9208617,0:05:34,0:02:38,54,10,17,0.05363968
7/12/2020 16:44,7/12/2020 17:02,10.292313,0:17:35,0:01:10,61,35,23,0.4571263
7/12/2020 17:36,7/12/2020 18:48,71.72345,1:11:15,0:00:53,78,60,30,2.3708813
7/12/2020 18:59,7/12/2020 19:00,0,0:01:19,0:00:10,0,0,0,0
7/12/2020 19:02,7/12/2020 21:44,159.10745,2:41:51,0:17:05,80,59,29,5.506506
7/15/2020 4:46,7/15/2020 4:46,0,0:00:00,0:00:00,0,0,0,0
7/16/2020 20:35,7/16/2020 20:40,0.3705875,0:04:42,0:01:08,17,5,11,0.03299397
7/17/2020 17:24,7/17/2020 17:36,1.0939878,0:12:25,0:05:54,30,5,10,0.11175246
7/17/2020 18:06,7/17/2020 18:17,1.7436712,0:10:41,0:03:56,35,10,16,0.11213728
7/18/2020 19:56,7/18/2020 20:00,0.34786257,0:04:21,0:01:11,19,5,9,0.03863649
7/19/2020 16:37,7/19/2020 16:44,0.9928476,0:06:04,0:00:49,34,10,14,0.06903265
7/19/2020 16:56,7/19/2020 17:08,1.009238,0:11:18,0:05:30,32,5,10,0.09748236
7/23/2020 13:30,7/23/2020 13:50,11.489182,0:19:53,0:02:42,65,35,28,0.41364735
7/23/2020 13:51,7/23/2020 14:11,11.65623,0:20:00,0:03:31,70,35,26,0.44587624
7/23/2020 15:59,7/23/2020 16:07,1.2185711,0:07:47,0:00:46,37,9,14,0.08921247
7/23/2020 16:28,7/23/2020 17:20,1.0094002,0:52:24,0:46:51,37,1,3,0.35306665
7/24/2020 19:02,7/24/2020 19:08,1.0712129,0:06:35,0:01:09,34,10,15,0.07193822
7/24/2020 19:52,7/24/2020 19:58,1.0647696,0:05:43,0:01:00,32,11,15,0.06878201
7/26/2020 16:26,7/26/2020 16:35,1.3315088,0:08:54,0:02:07,37,9,10,0.12925814
7/26/2020 16:41,7/26/2020 16:48,1.0971292,0:06:28,0:01:18,33,10,14,0.0777298
7/29/2020 18:43,7/29/2020 19:09,8.552332,0:25:55,0:05:45,52,20,18,0.48263386
7/29/2020 19:25,7/29/2020 19:35,2.4555812,0:09:34,0:02:36,50,15,17,0.14472854
7/29/2020 20:02,7/29/2020 20:21,11.883713,0:19:09,0:03:19,73,37,27,0.4372363
7/30/2020 17:40,7/30/2020 17:42,0.12141593,0:01:54,0:00:11,22,4,16,0.00773338
7/30/2020 17:43,7/30/2020 17:44,0.006244781,0:01:24,0:00:14,7,0,0,5.75E-05
7/31/2020 18:59,7/31/2020 19:07,1.0817244,0:08:12,0:02:40,29,8,13,0.08113121
7/31/2020 19:58,7/31/2020 20:04,1.1248337,0:05:56,0:01:19,32,11,17,0.06492288
8/1/2020 13:38,8/1/2020 13:43,0.9263678,0:05:50,0:00:30,37,10,13,0.07338636
8/1/2020 13:59,8/1/2020 14:05,1.0029794,0:05:22,0:00:26,39,11,12,0.08272303
8/2/2020 10:11,8/2/2020 10:18,1.4412359,0:07:18,0:01:28,30,12,18,0.07881498
8/2/2020 10:28,8/2/2020 12:53,145.0056,2:24:35,0:09:08,80,60,31,4.6390266
8/2/2020 16:10,8/2/2020 18:24,141.54573,2:13:59,0:02:41,80,63,29,4.8950934
8/4/2020 12:45,8/4/2020 13:08,11.785424,0:22:43,0:04:47,74,31,24,0.5009787
8/4/2020 13:54,8/4/2020 14:16,11.338994,0:21:32,0:04:12,72,32,29,0.39224643
8/4/2020 22:00,8/4/2020 22:05,0.34452617,0:05:04,0:01:59,19,4,11,0.0304384
8/5/2020 14:36,8/5/2020 14:55,12.100792,0:19:55,0:02:34,70,36,31,0.38644946
8/5/2020 15:51,8/5/2020 16:10,10.761771,0:19:08,0:02:20,72,34,31,0.34362525
8/5/2020 16:13,8/5/2020 16:20,1.1251738,0:07:04,0:02:25,35,10,15,0.07361257
8/7/2020 12:21,8/7/2020 12:28,1.4325005,0:07:22,0:01:49,40,12,20,0.07333409
8/7/2020 12:29,8/7/2020 12:30,0.001582771,0:01:27,0:00:14,2,0,35,4.53E-05
8/7/2020 12:33,8/7/2020 12:39,1.3525352,0:05:52,0:01:22,42,14,19,0.07276132
8/7/2020 18:43,8/7/2020 18:50,0.9716174,0:06:56,0:01:49,33,8,17,0.0556662
8/7/2020 18:59,8/7/2020 19:11,2.287861,0:11:22,0:01:46,34,12,15,0.15146515
8/7/2020 19:55,8/7/2020 20:00,1.0437379,0:05:24,0:00:20,30,12,19,0.05396576
8/9/2020 14:28,8/9/2020 14:47,6.8707514,0:18:54,0:02:49,53,22,20,0.3404424
8/9/2020 15:21,8/9/2020 15:37,6.8470306,0:16:00,0:01:19,54,26,25,0.27551806
8/10/2020 8:06,8/10/2020 8:30,15.518909,0:23:46,0:02:43,70,39,26,0.5928346
8/10/2020 9:51,8/10/2020 10:15,15.390222,0:23:17,0:01:48,69,40,32,0.47799364
8/11/2020 7:20,8/11/2020 7:44,12.325401,0:24:24,0:03:12,66,30,27,0.44868165
8/11/2020 15:16,8/11/2020 15:44,15.164494,0:27:41,0:05:35,73,33,30,0.5095632
8/13/2020 20:04,8/13/2020 20:11,0.93277997,0:06:50,0:01:54,30,8,13,0.069146
8/13/2020 20:25,8/13/2020 20:59,12.05147,0:34:25,0:03:18,42,21,23,0.5144413
8/14/2020 19:14,8/14/2020 19:30,1.401104,0:15:57,0:03:46,29,5,14,0.09827832
8/14/2020 20:02,8/14/2020 20:08,1.0705293,0:05:19,0:00:59,30,12,18,0.06041054
8/17/2020 12:29,8/17/2020 12:56,12.397415,0:26:51,0:08:56,68,28,28,0.43759906
8/17/2020 13:53,8/17/2020 14:14,11.274119,0:21:02,0:04:11,72,32,24,0.46912828
8/19/2020 12:50,8/19/2020 13:41,17.046957,0:50:36,0:10:56,50,20,24,0.7228978
8/19/2020 16:33,8/19/2020 16:40,1.6036192,0:06:36,0:00:41,32,15,17,0.09309874
8/19/2020 17:51,8/19/2020 17:56,0.13526043,0:04:45,0:02:49,21,2,5,0.02729229
8/19/2020 18:02,8/19/2020 18:07,0.8314309,0:05:18,0:01:00,30,9,23,0.03554383
8/20/2020 7:23,8/20/2020 7:48,15.62525,0:25:22,0:04:14,73,37,30,0.51513755
8/20/2020 7:51,8/20/2020 7:59,3.6147993,0:08:13,0:00:45,62,26,22,0.16699709
8/20/2020 15:01,8/20/2020 15:29,12.677948,0:27:53,0:05:50,70,27,28,0.44615227
8/21/2020 8:03,8/21/2020 8:22,12.043205,0:18:23,0:02:39,72,39,30,0.40487105
8/21/2020 15:00,8/21/2020 15:12,4.470581,0:11:35,0:02:08,55,23,20,0.22830372
8/21/2020 15:37,8/21/2020 16:05,14.781403,0:27:56,0:06:19,72,32,26,0.5683419
8/21/2020 18:00,8/21/2020 18:07,0.9656471,0:07:00,0:01:49,35,8,12,0.08096683
8/21/2020 18:17,8/21/2020 18:22,0.8523038,0:04:32,0:00:34,35,11,22,0.03860916
8/21/2020 19:06,8/21/2020 19:13,1.1209623,0:07:04,0:01:35,32,10,14,0.07833238
8/21/2020 19:19,8/21/2020 19:22,0.117651455,0:02:30,0:00:24,13,3,19,0.00619744
8/22/2020 19:37,8/22/2020 19:42,0.38383308,0:05:39,0:00:35,18,4,11,0.03396305
8/24/2020 9:52,8/24/2020 10:11,11.471943,0:18:56,0:03:15,66,36,25,0.46176255
8/24/2020 10:20,8/24/2020 11:06,11.773898,0:45:56,0:27:37,76,15,20,0.57742894
8/25/2020 18:21,8/25/2020 18:29,1.0564294,0:07:51,0:02:26,30,8,11,0.09328568
8/25/2020 18:33,8/25/2020 18:54,7.9948153,0:21:11,0:02:37,47,23,19,0.41071793
8/25/2020 19:09,8/25/2020 19:27,6.9259205,0:17:41,0:02:19,49,23,21,0.32953727
8/26/2020 9:50,8/26/2020 9:56,1.1607093,0:05:42,0:00:40,39,12,20,0.0567204
8/26/2020 9:59,8/26/2020 12:27,132.97697,2:28:11,0:26:45,80,54,32,4.1286697
8/26/2020 13:08,8/26/2020 15:12,132.51633,2:04:02,0:03:46,82,64,32,4.1650887
8/26/2020 15:31,8/26/2020 15:57,12.086956,0:25:35,0:09:10,70,28,25,0.478542
8/26/2020 16:52,8/26/2020 17:10,11.256747,0:18:36,0:03:23,73,36,24,0.46922827
8/28/2020 18:38,8/28/2020 18:48,1.346016,0:09:25,0:02:33,27,9,12,0.10792423
8/28/2020 19:23,8/28/2020 19:29,1.1236238,0:06:42,0:01:31,29,10,16,0.07180741
8/29/2020 18:37,8/29/2020 18:52,11.344565,0:14:52,0:00:45,72,46,27,0.4256413
8/29/2020 19:38,8/29/2020 19:40,0.0731492,0:02:05,0:00:23,10,2,11,0.00681023
8/29/2020 19:49,8/29/2020 20:06,10.735621,0:16:57,0:01:52,74,38,34,0.3161863
9/1/2020 18:33,9/1/2020 18:38,1.138989,0:05:17,0:01:05,36,13,18,0.0633208
9/1/2020 18:40,9/1/2020 18:58,12.370544,0:17:08,0:00:32,71,43,28,0.4344309
9/1/2020 20:08,9/1/2020 20:38,19.13592,0:30:07,0:02:38,73,38,30,0.643231
9/1/2020 21:03,9/1/2020 21:23,12.961287,0:20:05,0:01:35,73,39,31,0.41323388
9/2/2020 15:31,9/2/2020 15:56,12.085495,0:24:28,0:07:32,66,30,24,0.49979883
9/2/2020 16:04,9/2/2020 16:23,15.415098,0:19:54,0:02:23,76,46,27,0.5755045
9/2/2020 17:11,9/2/2020 17:31,11.292747,0:19:52,0:03:27,74,34,27,0.42450434
9/3/2020 19:31,9/3/2020 19:37,0.35343593,0:05:44,0:02:26,22,4,17,0.02129538
9/4/2020 19:26,9/4/2020 19:28,0.16629964,0:02:41,0:00:32,14,4,11,0.01582349
9/4/2020 19:30,9/4/2020 19:35,0.98866886,0:05:37,0:01:01,26,11,18,0.05365769
9/4/2020 20:30,9/4/2020 20:38,1.072359,0:07:22,0:02:32,29,9,22,0.04927756
9/11/2020 19:22,9/11/2020 19:31,1.3966906,0:08:42,0:01:51,29,10,16,0.0881771
9/11/2020 20:33,9/11/2020 20:39,1.1147468,0:06:19,0:01:06,29,11,12,0.09318727
9/14/2020 16:31,9/14/2020 16:48,12.091129,0:17:46,0:02:41,71,41,27,0.44819683
9/14/2020 17:49,9/14/2020 18:06,11.246612,0:16:53,0:01:20,75,40,30,0.37256175
9/18/2020 12:51,9/18/2020 13:05,2.0700257,0:14:00,0:05:03,37,9,14,0.15110964
9/18/2020 15:30,9/18/2020 15:52,12.389189,0:22:07,0:02:57,70,34,24,0.5066074
9/18/2020 18:44,9/18/2020 19:09,11.657597,0:24:07,0:06:28,72,29,23,0.502041
9/18/2020 19:29,9/18/2020 19:35,1.0899645,0:06:32,0:01:19,30,10,17,0.06352786
9/18/2020 20:23,9/18/2020 20:30,1.0765014,0:07:21,0:02:32,31,9,18,0.06112711
9/23/2020 14:53,9/23/2020 15:15,12.689419,0:22:27,0:03:18,71,34,29,0.4377511
9/23/2020 18:11,9/23/2020 18:39,11.663113,0:28:10,0:10:40,75,25,28,0.41764113
9/24/2020 14:31,9/24/2020 15:41,26.365574,1:10:45,0:14:12,71,22,24,1.0857453
9/24/2020 18:07,9/24/2020 18:28,11.615513,0:21:11,0:04:39,78,33,27,0.43416926
9/25/2020 17:41,9/25/2020 17:51,1.3954047,0:09:14,0:02:26,30,9,15,0.09619422
9/25/2020 18:47,9/25/2020 18:53,1.122968,0:05:52,0:00:59,30,11,24,0.04703759
9/26/2020 11:41,9/26/2020 11:59,6.722294,0:17:47,0:03:01,56,23,20,0.33108
9/26/2020 12:30,9/26/2020 12:32,0.025935343,0:02:34,0:01:02,6,1,3,0.00889101
9/26/2020 12:49,9/26/2020 12:50,0.009267061,0:01:24,0:00:10,10,0,6,0.00166327
9/26/2020 13:29,9/26/2020 13:32,0.0977624,0:02:50,0:00:21,12,2,7,0.01400262
9/26/2020 13:33,9/26/2020 13:37,0.22151537,0:04:22,0:01:27,16,3,7,0.0311804
9/26/2020 13:49,9/26/2020 14:06,7.0459056,0:17:06,0:02:14,55,25,24,0.29006162
9/27/2020 15:02,9/27/2020 15:10,0.96193266,0:08:15,0:02:12,40,7,10,0.09354533
9/27/2020 15:26,9/27/2020 15:30,0.6403075,0:04:22,0:00:40,41,9,14,0.04698303
9/28/2020 15:32,9/28/2020 15:54,12.371998,0:22:56,0:02:56,67,32,25,0.48727655
9/28/2020 17:16,9/28/2020 17:39,11.639673,0:22:36,0:03:59,68,31,31,0.37588233
9/29/2020 13:59,9/29/2020 14:04,0.91198134,0:05:13,0:00:53,32,10,12,0.0750335
9/29/2020 14:05,9/29/2020 14:09,0.6779056,0:03:29,0:00:11,34,12,38,0.01785017
9/29/2020 14:12,9/29/2020 14:16,1.1162277,0:03:51,0:00:10,37,17,23,0.04827526
9/29/2020 16:25,9/29/2020 16:59,12.107082,0:34:00,0:17:22,66,21,25,0.47765172
9/29/2020 17:54,9/29/2020 18:13,11.25027,0:18:19,0:02:28,71,37,29,0.38801426
9/30/2020 14:36,9/30/2020 14:43,1.0109675,0:07:59,0:01:49,36,8,15,0.06945024
9/30/2020 16:14,9/30/2020 16:30,11.019417,0:15:33,0:00:58,74,43,30,0.3649021
9/30/2020 16:34,9/30/2020 16:40,1.0224301,0:05:21,0:01:00,47,11,20,0.05210938
9/30/2020 19:21,9/30/2020 19:41,11.57365,0:20:52,0:03:02,71,33,28,0.40955076
10/2/2020 17:45,10/2/2020 17:48,0.18584004,0:03:25,0:01:09,18,3,8,0.02420342
10/2/2020 17:49,10/2/2020 18:35,24.241245,0:46:01,0:08:38,71,32,29,0.8443543
10/2/2020 18:40,10/2/2020 18:48,1.152887,0:08:41,0:02:41,34,8,21,0.05587777
10/2/2020 19:34,10/2/2020 19:42,1.0737743,0:07:22,0:01:46,32,9,18,0.05943728
10/3/2020 9:50,10/3/2020 11:27,103.56542,1:36:52,0:04:10,79,64,30,3.4323406
10/3/2020 11:27,10/3/2020 11:33,0.47013116,0:06:24,0:00:56,10,4,14,0.03469699
10/3/2020 15:31,10/3/2020 17:10,103.15346,1:39:43,0:04:25,76,62,33,3.0816128
10/4/2020 11:15,10/4/2020 11:51,21.250338,0:36:11,0:04:37,72,35,27,0.7821464
10/4/2020 12:34,10/4/2020 12:57,8.753426,0:22:39,0:05:02,69,23,24,0.36595902
10/7/2020 14:01,10/7/2020 14:17,11.516306,0:16:16,0:00:50,75,42,24,0.47952205
10/7/2020 14:23,10/7/2020 14:25,0.0153168,0:01:28,0:00:11,7,1,0,1.02E-04
10/7/2020 14:27,10/7/2020 14:33,0.8477143,0:05:59,0:02:02,42,9,12,0.07188639
10/7/2020 18:18,10/7/2020 18:39,11.637823,0:21:32,0:03:56,73,32,31,0.3761326
10/8/2020 14:29,10/8/2020 15:02,12.762592,0:32:46,0:13:07,70,23,27,0.46863174
10/8/2020 18:26,10/8/2020 18:34,2.2490635,0:07:16,0:02:05,47,19,21,0.10811409
10/8/2020 20:02,10/8/2020 20:24,14.830208,0:22:37,0:01:56,71,39,29,0.5083765
10/9/2020 19:41,10/9/2020 19:50,1.3641342,0:08:37,0:01:48,28,9,20,0.06995532
10/9/2020 20:39,10/9/2020 20:44,1.1478297,0:05:32,0:01:03,31,12,16,0.07376972
10/13/2020 15:36,10/13/2020 15:57,14.684011,0:20:50,0:00:42,68,42,29,0.5103446
10/13/2020 16:58,10/13/2020 17:16,11.272279,0:17:46,0:01:54,76,38,30,0.37128422
10/14/2020 12:03,10/14/2020 12:26,2.3809838,0:23:13,0:12:19,34,6,12,0.20007905
10/14/2020 15:11,10/14/2020 15:29,11.334746,0:17:40,0:01:38,68,38,29,0.3965054
10/14/2020 15:44,10/14/2020 15:46,0.1493224,0:02:23,0:00:12,13,4,21,0.00709595
10/14/2020 15:49,10/14/2020 15:55,0.9441804,0:05:57,0:01:28,36,10,19,0.04913093
10/14/2020 18:25,10/14/2020 18:46,11.663601,0:20:52,0:03:16,73,34,28,0.41217113
10/16/2020 15:58,10/16/2020 16:04,1.043598,0:06:12,0:01:07,32,10,17,0.06197961
10/16/2020 17:09,10/16/2020 17:15,1.1307092,0:05:57,0:01:27,31,11,14,0.07982434
10/21/2020 14:02,10/21/2020 14:21,11.350395,0:18:48,0:04:33,71,36,26,0.435171
10/21/2020 14:43,10/21/2020 14:46,0.17126198,0:03:00,0:00:21,11,3,19,0.00901649
10/21/2020 14:59,10/21/2020 15:03,0.33404225,0:03:44,0:00:19,21,5,9,0.03583911
10/21/2020 15:12,10/21/2020 15:18,0.9198434,0:05:45,0:01:48,38,10,18,0.05116859
10/21/2020 18:12,10/21/2020 18:33,11.571138,0:20:28,0:03:23,73,34,27,0.43217173
10/23/2020 19:01,10/23/2020 19:03,0.170361,0:02:29,0:00:46,16,4,11,0.01532847
10/23/2020 19:04,10/23/2020 19:10,1.155331,0:06:07,0:00:34,28,11,22,0.05311008
10/23/2020 19:50,10/23/2020 19:56,1.087044,0:06:18,0:01:12,31,10,17,0.06570448
10/25/2020 13:28,10/25/2020 13:34,0.9174994,0:05:27,0:01:01,35,10,21,0.04323298
10/25/2020 13:42,10/25/2020 14:02,7.4743843,0:19:52,0:02:51,66,23,21,0.35320568
10/25/2020 14:40,10/25/2020 14:57,7.744652,0:17:38,0:01:07,65,26,25,0.3100893
10/26/2020 16:03,10/26/2020 16:10,1.1650037,0:07:24,0:00:29,38,9,15,0.08010018
10/26/2020 17:15,10/26/2020 17:20,0.8802051,0:05:12,0:00:36,35,10,13,0.0688813
10/28/2020 14:37,10/28/2020 14:54,11.552496,0:16:52,0:00:48,70,41,27,0.4281273
10/28/2020 14:58,10/28/2020 15:05,0.95792484,0:07:30,0:02:44,32,8,15,0.06350431
10/28/2020 18:03,10/28/2020 18:23,11.622145,0:19:24,0:01:33,68,36,31,0.37532425
10/30/2020 16:10,10/30/2020 16:15,0.50401664,0:05:19,0:01:34,28,6,9,0.05675378
10/30/2020 16:19,10/30/2020 16:26,1.195475,0:07:30,0:01:35,32,10,17,0.06985376
10/30/2020 17:16,10/30/2020 17:23,1.1151145,0:06:55,0:02:04,31,10,18,0.06357138
11/6/2020 17:41,11/6/2020 17:53,1.4563508,0:11:53,0:02:22,27,7,15,0.09654532
11/6/2020 18:46,11/6/2020 18:53,1.1164124,0:07:25,0:02:41,24,9,16,0.06817739
11/10/2020 15:30,11/10/2020 16:01,12.10143,0:30:06,0:12:46,68,24,27,0.44545102
11/10/2020 16:53,11/10/2020 17:11,11.271364,0:18:19,0:01:51,73,37,25,0.44623762
11/11/2020 11:45,11/11/2020 12:01,11.428858,0:15:24,0:01:07,74,45,27,0.42479905
11/11/2020 12:10,11/11/2020 12:12,0.14240792,0:02:08,0:00:13,15,4,14,0.0102902
11/11/2020 12:21,11/11/2020 12:24,0.22057815,0:02:58,0:00:52,27,4,12,0.01804667
11/11/2020 12:27,11/11/2020 12:43,2.0261896,0:16:16,0:07:16,40,7,14,0.1487666
11/11/2020 19:02,11/11/2020 19:24,11.670553,0:22:04,0:03:38,68,32,25,0.45842773
11/12/2020 14:06,11/12/2020 14:09,0.28960386,0:03:51,0:00:27,22,5,20,0.01428865
11/12/2020 15:37,11/12/2020 16:33,1.2725992,0:55:35,0:49:55,36,1,4,0.2989625
11/13/2020 16:21,11/13/2020 16:28,1.0853819,0:06:55,0:01:17,27,9,11,0.10165945
11/13/2020 17:28,11/13/2020 17:40,1.2810137,0:11:36,0:05:12,29,7,10,0.12330887
11/14/2020 14:40,11/14/2020 14:54,2.239125,0:13:59,0:02:44,35,10,17,0.13541298
11/19/2020 17:44,11/19/2020 17:49,0.3660912,0:05:21,0:02:03,19,4,16,0.02318431
11/24/2020 16:07,11/24/2020 16:09,0.2054909,0:02:19,0:00:13,19,5,16,0.01260511
11/24/2020 16:10,11/24/2020 16:12,0.18571576,0:02:11,0:00:11,20,5,17,0.01070422
11/26/2020 8:06,11/26/2020 11:36,233.34906,3:30:29,0:03:14,85,67,28,8.237901
11/26/2020 12:35,11/26/2020 12:46,6.8976326,0:11:07,0:00:16,57,37,22,0.31473076
11/26/2020 18:04,11/26/2020 18:16,5.495707,0:11:52,0:00:54,48,28,27,0.20567591
11/27/2020 13:12,11/27/2020 14:10,55.05942,0:58:16,0:02:50,78,57,27,2.013656
11/27/2020 14:12,11/27/2020 15:19,74.415855,1:06:55,0:00:39,80,67,28,2.6460202
11/27/2020 15:33,11/27/2020 17:29,114.53995,1:56:30,0:13:38,80,59,29,3.9064121
11/28/2020 14:11,11/28/2020 14:17,1.0395851,0:06:33,0:01:33,31,10,14,0.07682439
11/28/2020 15:30,11/28/2020 15:36,1.105466,0:05:16,0:01:12,34,13,15,0.07398647
11/28/2020 17:02,11/28/2020 17:04,0.1405766,0:02:01,0:00:13,20,4,38,0.00369716
11/28/2020 17:04,11/28/2020 17:06,0.1497332,0:02:03,0:00:13,19,4,24,0.00622631
12/1/2020 14:26,12/1/2020 14:42,1.2148912,0:15:19,0:08:41,35,5,7,0.16280377
12/1/2020 15:19,12/1/2020 15:23,0.9373626,0:04:24,0:00:35,35,13,15,0.06230335
12/2/2020 13:54,12/2/2020 14:12,12.366404,0:18:07,0:01:55,71,41,23,0.5324825
12/2/2020 15:47,12/2/2020 16:09,11.646067,0:22:02,0:04:17,71,32,26,0.45547876
12/3/2020 14:43,12/3/2020 14:59,11.163477,0:15:46,0:01:17,70,42,25,0.44620204
12/3/2020 15:01,12/3/2020 15:08,0.98177856,0:07:12,0:02:16,42,8,13,0.07502278
12/3/2020 17:33,12/3/2020 17:55,11.66195,0:22:12,0:04:01,73,32,23,0.5005877
12/7/2020 12:11,12/7/2020 12:30,11.433126,0:18:51,0:03:08,70,36,22,0.52561504
12/7/2020 12:36,12/7/2020 12:41,0.341333,0:04:17,0:01:13,25,5,14,0.0245933
12/7/2020 12:45,12/7/2020 12:50,0.928798,0:04:43,0:00:46,46,12,14,0.06688814
12/7/2020 18:17,12/7/2020 18:33,11.51644,0:16:24,0:00:30,75,42,27,0.42190242
12/8/2020 14:33,12/8/2020 14:40,1.1784064,0:07:02,0:01:30,35,10,13,0.09387082
12/8/2020 14:44,12/8/2020 15:40,14.047682,0:55:34,0:31:07,70,15,21,0.65902686
12/8/2020 18:13,12/8/2020 18:32,11.719889,0:18:54,0:01:17,74,37,30,0.39491636
12/9/2020 13:53,12/9/2020 13:58,0.94239914,0:05:33,0:00:50,37,10,13,0.07451754
12/9/2020 13:59,12/9/2020 14:02,0.13528459,0:02:47,0:00:37,17,3,10,0.01416006
12/9/2020 14:07,12/9/2020 14:28,11.406064,0:20:12,0:03:00,72,34,24,0.4722141
12/9/2020 14:35,12/9/2020 14:54,12.698205,0:19:35,0:02:25,81,39,30,0.41990364
12/9/2020 14:55,12/9/2020 15:18,12.393012,0:22:47,0:03:26,74,33,26,0.48095
12/9/2020 16:42,12/9/2020 16:47,0.93645126,0:05:11,0:01:01,34,11,17,0.05564094
12/9/2020 17:07,12/9/2020 17:25,10.7688875,0:18:00,0:02:03,74,36,31,0.34831542
12/10/2020 13:58,12/10/2020 14:05,0.8848516,0:07:29,0:02:39,34,7,12,0.07307597
12/10/2020 15:16,12/10/2020 15:21,0.9173217,0:05:10,0:00:26,37,11,11,0.08097292
12/11/2020 15:05,12/11/2020 15:17,1.5172987,0:12:24,0:02:30,30,7,14,0.10818985
12/11/2020 16:25,12/11/2020 16:28,0.07853442,0:02:50,0:01:22,9,2,6,0.01343944
12/11/2020 16:29,12/11/2020 16:35,1.1206309,0:06:09,0:01:08,30,11,15,0.07463535
12/12/2020 15:36,12/12/2020 15:38,0.12890863,0:02:04,0:00:11,20,4,11,0.01145857
12/12/2020 15:38,12/12/2020 15:40,0.13892134,0:01:58,0:00:13,19,4,37,0.00371784
12/23/2020 9:11,12/23/2020 12:47,228.61841,3:35:41,0:08:36,80,64,29,8.001063
12/23/2020 21:14,12/23/2020 21:26,3.9494438,0:11:49,0:03:37,47,20,23,0.16940865
12/25/2020 10:31,12/25/2020 11:53,50.207695,1:21:24,0:15:09,71,37,23,2.2091098
12/25/2020 11:55,12/25/2020 11:57,0,0:01:31,0:00:27,0,0,0,0.00240675
12/25/2020 12:05,12/25/2020 15:42,188.33757,3:37:09,0:06:49,72,52,26,7.2836504
12/26/2020 11:33,12/26/2020 11:39,0.17565645,0:05:31,0:03:01,14,2,4,0.04579816
12/26/2020 11:40,12/26/2020 11:48,1.2887204,0:08:05,0:01:39,29,10,13,0.09812563
12/26/2020 12:58,12/26/2020 13:00,0.057882454,0:01:47,0:00:18,12,2,7,0.00872509
12/26/2020 13:08,12/26/2020 13:13,1.0792112,0:05:18,0:00:29,34,12,14,0.07581525
12/26/2020 14:33,12/26/2020 14:38,1.0021336,0:05:23,0:00:14,36,11,14,0.07123083
12/26/2020 15:05,12/26/2020 15:07,0.013504467,0:01:34,0:00:11,4,1,0,1.51E-04
12/26/2020 15:28,12/26/2020 15:33,0.9714465,0:05:12,0:00:19,34,11,14,0.07083525
12/27/2020 14:41,12/27/2020 14:49,0.38397634,0:07:18,0:01:51,21,3,9,0.04485713
12/29/2020 12:00,12/29/2020 12:08,0.8318538,0:07:18,0:02:51,30,7,8,0.0996644
12/29/2020 12:26,12/29/2020 12:33,0.7769919,0:06:36,0:02:47,29,7,12,0.06456693
12/29/2020 12:39,12/29/2020 12:50,3.0127873,0:11:29,0:01:10,33,16,23,0.13186863
12/29/2020 12:59,12/29/2020 13:05,0.96032053,0:05:36,0:00:46,30,10,19,0.0495323
12/29/2020 13:06,12/29/2020 13:26,7.404565,0:20:46,0:02:50,48,21,21,0.36022592
12/29/2020 13:28,12/29/2020 13:32,0.6475775,0:04:02,0:00:30,32,10,16,0.03989032
12/29/2020 14:10,12/29/2020 14:27,6.0456467,0:17:06,0:03:47,48,21,24,0.25412026
12/29/2020 14:52,12/29/2020 15:03,4.58758,0:11:07,0:00:57,52,25,31,0.14852214
12/29/2020 15:18,12/29/2020 15:29,4.296126,0:10:31,0:00:43,48,25,22,0.19959204
12/30/2020 12:17,12/30/2020 12:22,0.32084846,0:04:36,0:00:29,22,4,11,0.02958117
